parentNumber,number,preferredName,legalName,gender,bornAt,deceased,diedAt,birthOrder,relationshipType,profession,phone,email,address,city,postCode,country,placeOfBirth,placeOfDeath,buriedLocation
,1,Basia,Basia Adanez,,01/03/1987,yes,01/04/1988,,,,,,,,,,
1,2,Phelia,Phelia Curness,female,,,,,,,,,,,,,
1,3,Lydia,Lydia Kaveney,female,,,,,,,,,,,,,
1,4,Mariam,Mariam Pehrsson,unknown,,,,,birth,Account Executive,7679604193,mpehrsson3@npr.org,5906 Village Center,Indonesia,City,1234,,,
2,5,Bernadene,Bernadene Flewett,other,,,,,adopted,Senior Sales Associate,4514768905,bflewett4@boston.com,3 Maryland Lane,South Africa,City,1234,,,
2,6,Blanche,Blanche Linning,male,,,,,birth,Food Chemist,8992710595,blinning5@yale.edu,0577 Iowa Circle,Germany,City,1234,,,
2,7,Alison,Alison Paynes,female,,,,,adopted,Paralegal,4678999094,apaynes6@bbb.org,8 Lillian Center,Venezuela,City,1234,,,
2,8,Mack,Mack Colebourn,male,,,,,adopted,Staff Scientist,3921332044,mcolebourn7@opera.com,36 Claremont Road,Slovenia,City,1234,,,
2,9,Christin,Christin Lukock,female,,,,,birth,Director of Sales,1134695603,clukock8@ibm.com,7 Rowland Lane,Indonesia,City,1234,,,
3,10,Kristoforo,Kristoforo Wotherspoon,male,,,,,adopted,Assistant Professor,6729037965,kwotherspoon9@flavors.me,1915 Dapin Center,China,City,1234,,,
3,11,Madelina,Madelina Keenlyside,male,,,,,whangai,Assistant Manager,2702388951,mkeenlysidea@about.me,51 Eliot Way,Canada,City,1234,,,
3,12,Jorrie,Jorrie Lente,female,,,,,birth,Nurse Practicioner,8181353963,jlenteb@i2i.jp,8915 Hudson Trail,Poland,City,1234,,,
3,13,Fionnula,Fionnula Polhill,female,,,,,birth,Community Outreach Specialist,2411234164,fpolhillc@yale.edu,8 Superior Crossing,Indonesia,City,1234,,,
3,14,Nanice,Nanice Male,male,,,,,birth,Web Designer I,2411251853,nmaled@netlog.com,7573 Victoria Street,France,City,1234,,,
4,15,Melisandra,Melisandra Giordano,female,,,,,adopted,Help Desk Operator,4913494030,mgiordanoe@businessweek.com,598 Melody Drive,Brazil,City,1234,,,
4,16,Karim,Karim Tann,female,,,,,birth,Administrative Officer,2285304554,ktannf@people.com.cn,900 Kim Drive,Indonesia,City,1234,,,
4,17,Maxi,Maxi Verling,male,,,,,whangai,Actuary,9072438674,mverlingg@chicagotribune.com,6323 West Trail,China,City,1234,,,
4,18,Boothe,Boothe Lasslett,male,,,,,birth,Statistician II,3351780986,blassletth@newsvine.com,39 Clove Terrace,China,City,1234,,,
4,19,Anna-diane,Anna-diane Gerty,female,,,,,whangai,Payment Adjustment Coordinator,3897564237,agertyi@yelp.com,913 Sutherland Street,Lithuania,City,1234,,,
5,20,Verile,Verile Baelde,male,,,,,birth,Teacher,2164804397,vbaeldej@sfgate.com,80670 Brickson Park Crossing,Cuba,City,1234,,,
5,21,Atlante,Atlante Bickell,female,,,,,whangai,Health Coach II,8456860556,abickellk@phoca.cz,74 Warner Parkway,Russia,City,1234,,,
5,22,Thea,Thea Gelder,male,,,,,whangai,Research Nurse,8229701627,tgelderl@ox.ac.uk,77309 Corscot Park,Portugal,City,1234,,,
5,23,Hamlen,Hamlen Teasdale-Markie,male,,,,,whangai,Research Nurse,4699529952,hteasdalemarkiem@wp.com,279 Mesta Pass,Bahrain,City,1234,,,
5,24,Sonni,Sonni Liddiatt,female,,,,,adopted,Recruiter,1838218060,sliddiattn@tumblr.com,547 Manufacturers Center,Philippines,City,1234,,,
6,25,Aridatha,Aridatha Murrison,female,,,,,whangai,Geologist II,9141408774,amurrisono@homestead.com,7 Scott Circle,Indonesia,City,1234,,,
6,26,Torrence,Torrence De Angelo,female,,,,,whangai,Computer Systems Analyst III,4328098718,tdep@bluehost.com,359 Heath Pass,Canada,City,1234,,,
6,27,Ed,Ed Boarer,male,,,,,whangai,Information Systems Manager,1097681946,eboarerq@tinyurl.com,75538 Nova Place,France,City,1234,,,
6,28,Elisha,Elisha Skoof,male,,,,,whangai,Occupational Therapist,8474307320,eskoofr@sakura.ne.jp,63541 Corscot Park,Indonesia,City,1234,,,
6,29,Perice,Perice Rubes,female,,,,,whangai,Food Chemist,8414812644,prubess@simplemachines.org,49539 Eagle Crest Park,Brazil,City,1234,,,
7,30,Nalani,Nalani Aggis,female,,,,,whangai,Information Systems Manager,3015844809,naggist@vinaora.com,8556 Maple Wood Plaza,El Salvador,City,1234,,,
7,31,Orion,Orion Maslen,male,,,,,adopted,Human Resources Manager,6786942725,omaslenu@java.com,495 Laurel Place,Japan,City,1234,,,
7,32,Leonanie,Leonanie Rallinshaw,male,,,,,whangai,Research Associate,7836653696,lrallinshawv@state.tx.us,90689 Pearson Lane,China,City,1234,,,
7,33,Sidney,Sidney Yewdell,female,,,,,birth,Biostatistician I,7019087070,syewdellw@ustream.tv,3161 Warner Way,Armenia,City,1234,,,
7,34,Kania,Kania Tanswill,female,,,,,adopted,Actuary,3764803385,ktanswillx@nbcnews.com,05 Killdeer Plaza,Indonesia,City,1234,,,
8,35,Joanie,Joanie Loughan,male,,,,,adopted,Software Test Engineer II,5171936705,jloughany@shinystat.com,307 Mesta Plaza,Indonesia,City,1234,,,
8,36,Bibbye,Bibbye Creeghan,male,,,,,birth,Junior Executive,9494450722,bcreeghanz@comcast.net,70 Coolidge Place,Colombia,City,1234,,,
8,37,Sibylla,Sibylla Vigneron,male,,,,,adopted,Geological Engineer,1502466300,svigneron10@accuweather.com,05197 Anhalt Way,Sweden,City,1234,,,
8,38,Rinaldo,Rinaldo Tuttle,female,,,,,adopted,Social Worker,4506923108,rtuttle11@so-net.ne.jp,089 Lakeland Plaza,China,City,1234,,,
8,39,Codie,Codie Gasnoll,female,,,,,adopted,Nurse,5921342174,cgasnoll12@noaa.gov,08 Surrey Parkway,Russia,City,1234,,,
9,40,Irving,Irving Hartwright,male,,,,,adopted,Structural Engineer,8996599221,ihartwright13@msn.com,6316 Wayridge Point,Ukraine,City,1234,,,
9,41,Corabel,Corabel Zavittieri,female,,,,,adopted,Research Associate,8998988154,czavittieri14@php.net,30578 Division Center,China,City,1234,,,
9,42,Archer,Archer Powe,female,,,,,adopted,Structural Engineer,4198310683,apowe15@surveymonkey.com,6697 Elmside Center,Ukraine,City,1234,,,
9,43,Letitia,Letitia Baford,female,,,,,whangai,Cost Accountant,5655795937,lbaford16@a8.net,0330 Chive Way,Moldova,City,1234,,,
9,44,Parry,Parry Jessard,male,,,,,adopted,Associate Professor,5889933628,pjessard17@redcross.org,7344 Elmside Place,Colombia,City,1234,,,
10,45,Vince,Vince Wixon,male,,,,,birth,Software Consultant,2418773961,vwixon18@live.com,7251 Corscot Crossing,Peru,City,1234,,,
10,46,Olivero,Olivero Cosens,male,,,,,whangai,Environmental Tech,6797449108,ocosens19@rediff.com,81 Pepper Wood Point,Russia,City,1234,,,
10,47,Billy,Billy Garnsworthy,female,,,,,adopted,Social Worker,2972656663,bgarnsworthy1a@mayoclinic.com,1 Sloan Road,Poland,City,1234,,,
10,48,Aloysius,Aloysius Sackett,female,,,,,whangai,Structural Analysis Engineer,8306781610,asackett1b@oracle.com,52 Lakeland Hill,Colombia,City,1234,,,
10,49,Maudie,Maudie McPhillips,male,,,,,adopted,Structural Analysis Engineer,8143698187,mmcphillips1c@sitemeter.com,710 Fieldstone Junction,China,City,1234,,,
11,50,Robina,Robina Ickowicz,female,,,,,birth,Clinical Specialist,2149453855,rickowicz1d@gov.uk,4 Sommers Crossing,Finland,City,1234,,,
11,51,Sydney,Sydney Vaissiere,male,,,,,birth,Account Representative IV,9871553791,svaissiere1e@unicef.org,184 Armistice Pass,Poland,City,1234,,,
11,52,Pearl,Pearl Aviss,female,,,,,adopted,Software Test Engineer IV,3576928550,paviss1f@cbsnews.com,76 Rigney Lane,China,City,1234,,,
11,53,Debera,Debera Succamore,female,,,,,birth,Quality Control Specialist,1572563171,dsuccamore1g@vk.com,63 Melvin Crossing,Indonesia,City,1234,,,
11,54,Giordano,Giordano Picard,female,,,,,whangai,Junior Executive,4946598693,gpicard1h@arizona.edu,854 Artisan Crossing,Cyprus,City,1234,,,
12,55,Haleigh,Haleigh Peyzer,male,,,,,adopted,Junior Executive,8923780196,hpeyzer1i@newsvine.com,8334 Menomonie Crossing,Portugal,City,1234,,,
12,56,Jase,Jase Allcott,female,,,,,birth,Tax Accountant,7155718302,jallcott1j@jigsy.com,065 Warbler Alley,China,City,1234,,,
12,57,Ricard,Ricard Snowdon,female,,,,,birth,Marketing Assistant,4134121927,rsnowdon1k@t-online.de,08 Atwood Circle,Uzbekistan,City,1234,,,
12,58,Dredi,Dredi Fredson,male,,,,,adopted,Administrative Assistant III,3182719561,dfredson1l@google.ru,4 Ronald Regan Park,Ukraine,City,1234,,,
12,59,Griffin,Griffin Beushaw,male,,,,,birth,Quality Control Specialist,1836344956,gbeushaw1m@telegraph.co.uk,6678 Gale Hill,Papua New Guinea,City,1234,,,
13,60,Parker,Parker Crothers,male,,,,,birth,Accounting Assistant I,7866721842,pcrothers1n@vistaprint.com,6 Hovde Lane,Portugal,City,1234,,,
13,61,Lindsay,Lindsay Hegge,male,,,,,birth,Chief Design Engineer,4176116165,lhegge1o@livejournal.com,2467 Service Center,Indonesia,City,1234,,,
13,62,Sonia,Sonia Dunan,male,,,,,whangai,Pharmacist,7462955040,sdunan1p@hexun.com,3003 Alpine Place,Portugal,City,1234,,,
13,63,Baron,Baron Neat,female,,,,,whangai,Payment Adjustment Coordinator,4565831396,bneat1q@unesco.org,68343 Del Sol Hill,China,City,1234,,,
13,64,Ina,Ina Antal,female,,,,,adopted,Sales Representative,5976372998,iantal1r@illinois.edu,798 Leroy Street,Sweden,City,1234,,,
14,65,Finley,Finley Sealove,female,,,,,birth,Senior Financial Analyst,8604107281,fsealove1s@printfriendly.com,30 Bartelt Avenue,China,City,1234,,,
14,66,Ezekiel,Ezekiel Cockson,male,,,,,adopted,Software Consultant,2661454710,ecockson1t@twitter.com,337 Cardinal Parkway,Bulgaria,City,1234,,,
14,67,Neddy,Neddy Nursey,male,,,,,birth,Cost Accountant,9386111451,nnursey1u@ycombinator.com,626 Old Gate Trail,Azerbaijan,City,1234,,,
14,68,Lucais,Lucais Blaze,female,,,,,adopted,Professor,5131906250,lblaze1v@cdc.gov,6345 Hanover Junction,Honduras,City,1234,,,
14,69,Erskine,Erskine Duffrie,male,,,,,adopted,Staff Scientist,1645265154,eduffrie1w@hud.gov,98993 La Follette Junction,Russia,City,1234,,,
15,70,Victoria,Victoria Playfair,male,,,,,whangai,Editor,3824213505,vplayfair1x@icq.com,74677 Fulton Way,China,City,1234,,,
15,71,Dulsea,Dulsea Bentsen,female,,,,,whangai,Marketing Assistant,8783194105,dbentsen1y@desdev.cn,80 Myrtle Road,Estonia,City,1234,,,
15,72,Ashlan,Ashlan Lawlings,female,,,,,whangai,Payment Adjustment Coordinator,4175613377,alawlings1z@moonfruit.com,429 Sunnyside Drive,Serbia,City,1234,,,
15,73,Bob,Bob Haseley,male,,,,,birth,Associate Professor,9225266739,bhaseley20@furl.net,7752 Ridge Oak Park,China,City,1234,,,
15,74,Daisi,Daisi Pandey,female,,,,,whangai,Statistician III,4524492772,dpandey21@comcast.net,9112 Village Park,Brazil,City,1234,,,
16,75,Eleanora,Eleanora Howlings,male,,,,,birth,Office Assistant III,4394104547,ehowlings22@prlog.org,0 Stang Drive,Switzerland,City,1234,,,
16,76,Brandea,Brandea Ohanessian,male,,,,,adopted,Environmental Tech,4761254003,bohanessian23@parallels.com,129 Jenna Park,Croatia,City,1234,,,
16,77,Kenn,Kenn Darwin,female,,,,,adopted,Staff Scientist,6606504542,kdarwin24@miitbeian.gov.cn,34366 Hagan Hill,China,City,1234,,,
16,78,Jud,Jud Songhurst,female,,,,,birth,Budget/Accounting Analyst IV,7734504717,jsonghurst25@wiley.com,61 Dwight Plaza,Central African Republic,City,1234,,,
16,79,Mira,Mira Chinge de Hals,male,,,,,birth,Marketing Manager,6905089408,mchinge26@nsw.gov.au,53 Sutherland Trail,Indonesia,City,1234,,,
17,80,Nat,Nat Cadalleder,female,,,,,birth,Account Coordinator,9328249406,ncadalleder27@nba.com,8878 Sachs Lane,Philippines,City,1234,,,
17,81,Cherey,Cherey Walton,female,,,,,birth,Social Worker,1593694727,cwalton28@ebay.com,9798 Hansons Park,North Korea,City,1234,,,
17,82,Reeta,Reeta Goodley,female,,,,,birth,Business Systems Development Analyst,1002007069,rgoodley29@1688.com,15188 Bartillon Court,Indonesia,City,1234,,,
17,83,Jermayne,Jermayne Fayne,male,,,,,whangai,Research Assistant I,1924374469,jfayne2a@ustream.tv,848 Dayton Center,South Korea,City,1234,,,
17,84,Gisele,Gisele Huws,female,,,,,adopted,GIS Technical Architect,4765290864,ghuws2b@squarespace.com,84255 Ridgeway Terrace,Poland,City,1234,,,
18,85,Nanny,Nanny Vink,female,,,,,adopted,Dental Hygienist,6551508274,nvink2c@home.pl,936 Melrose Plaza,Indonesia,City,1234,,,
18,86,Zorine,Zorine Barstock,male,,,,,birth,Food Chemist,7789299064,zbarstock2d@google.fr,33908 Northport Center,Portugal,City,1234,,,
18,87,Carlee,Carlee Faltin,female,,,,,whangai,Food Chemist,5521281885,cfaltin2e@delicious.com,7077 Dapin Crossing,Philippines,City,1234,,,
18,88,Kate,Kate Slingsby,female,,,,,adopted,Junior Executive,4226154047,kslingsby2f@opensource.org,90 Calypso Court,China,City,1234,,,
18,89,Hunfredo,Hunfredo Sands,male,,,,,whangai,Senior Developer,3042972341,hsands2g@harvard.edu,07 Dovetail Hill,Poland,City,1234,,,
19,90,Mame,Mame O'Leary,female,,,,,whangai,Cost Accountant,9719255110,moleary2h@cmu.edu,14637 Ludington Parkway,United States,City,1234,,,
19,91,Lilllie,Lilllie Gonin,female,,,,,adopted,Speech Pathologist,2634592474,lgonin2i@instagram.com,41960 Carberry Hill,China,City,1234,,,
19,92,Eleanora,Eleanora Wilsee,male,,,,,adopted,Data Coordiator,9954026173,ewilsee2j@rakuten.co.jp,8980 Laurel Center,Japan,City,1234,,,
19,93,Kora,Kora Doone,female,,,,,birth,Senior Developer,2386165395,kdoone2k@mysql.com,85 Morrow Point,Latvia,City,1234,,,
19,94,Ive,Ive Haglinton,male,,,,,adopted,Geological Engineer,6112434098,ihaglinton2l@ameblo.jp,045 Maywood Court,Macedonia,City,1234,,,
20,95,Larry,Larry Hayles,male,,,,,adopted,Data Coordiator,3452161648,lhayles2m@blinklist.com,69363 North Plaza,Japan,City,1234,,,
20,96,Gage,Gage Mullett,female,,,,,whangai,Design Engineer,1937185107,gmullett2n@bloglovin.com,865 Coolidge Pass,China,City,1234,,,
20,97,Dean,Dean Crang,female,,,,,whangai,Chief Design Engineer,8165675822,dcrang2o@tripod.com,167 Cottonwood Point,Greece,City,1234,,,
20,98,Marchelle,Marchelle Bowman,female,,,,,whangai,Civil Engineer,9207095477,mbowman2p@eventbrite.com,2873 Bonner Junction,Peru,City,1234,,,
20,99,Kellyann,Kellyann Alcalde,female,,,,,adopted,Financial Advisor,2571097116,kalcalde2q@economist.com,8836 Manley Crossing,Netherlands,City,1234,,,
21,100,Kaye,Kaye Treleven,female,,,,,birth,Analog Circuit Design manager,3675297197,ktreleven2r@creativecommons.org,71 Anderson Lane,Ukraine,City,1234,,,
21,101,Fan,Fan Bumphrey,female,,,,,whangai,Account Executive,6205437501,fbumphrey2s@scientificamerican.com,3 Kinsman Alley,Indonesia,City,1234,,,
21,102,Xymenes,Xymenes Prestie,male,,,,,birth,Chief Design Engineer,2958313143,xprestie2t@google.de,446 Susan Place,Dominican Republic,City,1234,,,
21,103,Godfrey,Godfrey Sawkin,female,,,,,whangai,Human Resources Manager,7156625776,gsawkin2u@oakley.com,4967 Carpenter Point,Peru,City,1234,,,
21,104,Melessa,Melessa Spedroni,male,,,,,adopted,GIS Technical Architect,3825250020,mspedroni2v@statcounter.com,75379 Gale Place,Iran,City,1234,,,
22,105,Gwenny,Gwenny Hendrickx,male,,,,,adopted,Associate Professor,5655249509,ghendrickx2w@seesaa.net,0 Quincy Alley,Indonesia,City,1234,,,
22,106,Jerry,Jerry Burchett,male,,,,,adopted,Computer Systems Analyst III,3528836359,jburchett2x@51.la,63282 Bowman Trail,Sweden,City,1234,,,
22,107,Crin,Crin Crole,male,,,,,whangai,Pharmacist,8436375867,ccrole2y@seesaa.net,418 Packers Avenue,China,City,1234,,,
22,108,Kerrin,Kerrin Semple,female,,,,,adopted,Professor,8994999504,ksemple2z@mediafire.com,0 Stang Park,Greece,City,1234,,,
22,109,Fielding,Fielding Fawdrie,male,,,,,whangai,Accountant I,2949107647,ffawdrie30@harvard.edu,24775 Northland Circle,China,City,1234,,,
23,110,Lucilia,Lucilia Molan,female,,,,,birth,Financial Advisor,3931083871,lmolan31@gizmodo.com,57 Kennedy Alley,Bosnia and Herzegovina,City,1234,,,
23,111,Alika,Alika Patsall,female,,,,,whangai,Sales Representative,7588690651,apatsall32@independent.co.uk,5704 Forest Dale Crossing,China,City,1234,,,
23,112,Val,Val Jodrellec,female,,,,,whangai,Help Desk Operator,8228006531,vjodrellec33@samsung.com,468 Riverside Circle,Philippines,City,1234,,,
23,113,Aile,Aile Awcock,female,,,,,adopted,General Manager,1891811637,aawcock34@cnbc.com,467 3rd Terrace,Ukraine,City,1234,,,
23,114,Gerardo,Gerardo Lawrenson,male,,,,,birth,Marketing Manager,5306803356,glawrenson35@e-recht24.de,09 Eastwood Crossing,Greece,City,1234,,,
24,115,Robb,Robb Snookes,male,,,,,adopted,Assistant Media Planner,6634776013,rsnookes36@time.com,1492 Talmadge Plaza,China,City,1234,,,
24,116,Deonne,Deonne Wellbelove,male,,,,,adopted,Professor,4471717791,dwellbelove37@barnesandnoble.com,44 Mockingbird Road,China,City,1234,,,
24,117,Joelie,Joelie McGenn,female,,,,,birth,Occupational Therapist,5883168514,jmcgenn38@a8.net,44 Menomonie Trail,Slovenia,City,1234,,,
24,118,Beverie,Beverie Bennet,female,,,,,adopted,Research Assistant IV,2147846814,bbennet39@time.com,2442 Melby Avenue,United States,City,1234,,,
24,119,Kandy,Kandy Norval,male,,,,,birth,Office Assistant II,9402351241,knorval3a@goodreads.com,64577 Corscot Drive,Indonesia,City,1234,,,
25,120,Haroun,Haroun Oakenford,male,,,,,whangai,Automation Specialist I,6746904220,hoakenford3b@irs.gov,4033 Morrow Way,Canada,City,1234,,,
25,121,Riva,Riva Titman,male,,,,,whangai,Senior Financial Analyst,4192228859,rtitman3c@sun.com,80 Saint Paul Place,Egypt,City,1234,,,
25,122,Tabatha,Tabatha Laffin,male,,,,,adopted,Staff Scientist,1453691847,tlaffin3d@ycombinator.com,54071 Bluejay Road,France,City,1234,,,
25,123,Yolanthe,Yolanthe Hayton,female,,,,,whangai,Environmental Tech,4337581672,yhayton3e@yahoo.co.jp,3563 Forest Plaza,Russia,City,1234,,,
25,124,Coralyn,Coralyn Brownhall,female,,,,,birth,Programmer Analyst II,7377562907,cbrownhall3f@jugem.jp,1 Messerschmidt Terrace,Albania,City,1234,,,
26,125,Nancee,Nancee Pinkstone,male,,,,,adopted,Cost Accountant,6313141354,npinkstone3g@yolasite.com,3 Vernon Crossing,Argentina,City,1234,,,
26,126,Devin,Devin McCrainor,male,,,,,whangai,Programmer I,1181422021,dmccrainor3h@ucoz.ru,7 David Way,Vietnam,City,1234,,,
26,127,Timmi,Timmi Jonson,male,,,,,adopted,Research Associate,2588719168,tjonson3i@ted.com,07 Sundown Terrace,Indonesia,City,1234,,,
26,128,Morganica,Morganica Lindenboim,female,,,,,birth,Quality Engineer,8354244274,mlindenboim3j@jalbum.net,07292 Lillian Crossing,Japan,City,1234,,,
26,129,Nollie,Nollie Hyrons,female,,,,,whangai,General Manager,9098673725,nhyrons3k@cargocollective.com,037 Porter Court,Czech Republic,City,1234,,,
27,130,Stephine,Stephine Hawkeswood,female,,,,,adopted,Help Desk Operator,1476291635,shawkeswood3l@dell.com,79 7th Hill,China,City,1234,,,
27,131,Frans,Frans Shillingford,male,,,,,birth,Social Worker,1848272839,fshillingford3m@com.com,4851 Sutherland Avenue,Czech Republic,City,1234,,,
27,132,Niko,Niko Frossell,male,,,,,whangai,Tax Accountant,9174584674,nfrossell3n@ezinearticles.com,91 Vermont Junction,Estonia,City,1234,,,
27,133,Marlee,Marlee Luetkemeyers,female,,,,,birth,Senior Developer,3254261895,mluetkemeyers3o@vimeo.com,84418 Kim Way,China,City,1234,,,
27,134,Loretta,Loretta Ghiroldi,female,,,,,whangai,Social Worker,9815732727,lghiroldi3p@princeton.edu,8377 Village Green Crossing,Sweden,City,1234,,,
28,135,Mindy,Mindy Presdee,female,,,,,birth,Safety Technician I,5941577818,mpresdee3q@fema.gov,0529 Corscot Hill,Russia,City,1234,,,
28,136,Gaylene,Gaylene Petrashov,female,,,,,birth,Geological Engineer,5964562292,gpetrashov3r@delicious.com,82331 Toban Crossing,Indonesia,City,1234,,,
28,137,Beulah,Beulah Gabler,male,,,,,adopted,Assistant Media Planner,2508136590,bgabler3s@eventbrite.com,33 Stone Corner Terrace,Greece,City,1234,,,
28,138,Judas,Judas Guntrip,male,,,,,birth,Recruiter,2164495823,jguntrip3t@dagondesign.com,38 Clove Lane,China,City,1234,,,
28,139,Skipper,Skipper Currao,female,,,,,whangai,Physical Therapy Assistant,3266691350,scurrao3u@xrea.com,2357 Schiller Junction,Laos,City,1234,,,
29,140,Alyosha,Alyosha Yantsurev,female,,,,,birth,General Manager,5537676342,ayantsurev3v@ucla.edu,9267 Bunker Hill Street,Madagascar,City,1234,,,
29,141,Aili,Aili Culverhouse,male,,,,,birth,Human Resources Assistant II,3348764999,aculverhouse3w@hatena.ne.jp,871 Judy Hill,Thailand,City,1234,,,
29,142,Robinett,Robinett Dominick,male,,,,,birth,Senior Cost Accountant,7841224707,rdominick3x@ovh.net,97074 Hudson Circle,Poland,City,1234,,,
29,143,Webster,Webster Stilldale,female,,,,,adopted,Data Coordiator,2088108404,wstilldale3y@go.com,3345 Village Street,Myanmar,City,1234,,,
29,144,Lynnette,Lynnette MacNair,female,,,,,adopted,Computer Systems Analyst IV,5255549560,lmacnair3z@bizjournals.com,01494 Marquette Court,Albania,City,1234,,,
30,145,Seamus,Seamus Lackeye,female,,,,,whangai,Help Desk Technician,6401080553,slackeye40@europa.eu,90 Lakewood Avenue,China,City,1234,,,
30,146,Tybie,Tybie Stormonth,female,,,,,adopted,VP Sales,1655616109,tstormonth41@cbc.ca,5 Wayridge Drive,Peru,City,1234,,,
30,147,Tiphani,Tiphani Pettendrich,female,,,,,whangai,Budget/Accounting Analyst IV,9471170122,tpettendrich42@whitehouse.gov,514 Sommers Hill,China,City,1234,,,
30,148,Nani,Nani Komorowski,male,,,,,birth,Marketing Assistant,4565302286,nkomorowski43@washingtonpost.com,95 Merry Place,Macedonia,City,1234,,,
30,149,Colver,Colver Hayfield,male,,,,,adopted,GIS Technical Architect,2248594924,chayfield44@homestead.com,31 Blue Bill Park Place,China,City,1234,,,
